company_name,source,address_location
Google,about,"2300 Traverwood Dr, Ann Arbor, MI 48105"
Google,about,"1105 W Peachtree St NW, Atlanta, GA 30309"
Google,about,"2930 Pearl St, Boulder, CO 80301"
Google,about,"3333 Walnut St, Boulder, CO 80301"
Google,about,"325 Main Street, Cambridge, Massachusetts 02142"
Google,about,"210 N Carpenter St, Chicago, IL 60607"
Google,about,"320 N Morgan St Suite 600, Chicago, IL 60607"
Google,about,"15303 North Dallas Parkway Suite 1100, Addison, TX 75001"
Google,about,"200 Morris St, Durham, NC 27701"
Google,about,"3663 Washington Ave, Houston, TX 77007"
Google,about,"19510 Jamboree Rd, Irvine, CA 92612"
Google,about,"777 6th St South Building A, Kirkland, WA 98033"
Google,about,"51 Breithaupt St, Kitchener, ON N2H 5G5, Canada"
Google,about,"811 E Washington Ave, Madison, WI 53703"
Google,about,"1450 Brickell Ave Suite 901, Miami, FL 33131"
Google,about,"100 Bay View Drive, Mountain View, CA 94043"
Google,about,"1600 Amphitheatre Pkwy, Mountain View, CA 94043"
